 Abadar's Truthtelling,5
 Abeyance,2
 Abjuring Step,7
 Ablative Barrier,8
 Ablative Sphere (Garundi),8
 Aboleth's Lung,1
 Absolution,2
 Absorb Rune I,7
 Absorb Rune II,7
 Absorb Rune III,7
 Absorb Toxicity,2
Absorbing Barrier,5
 Absorbing Inhalation,1
 Absorbing Touch,1
 Abstemiousness,1
 Absurdity,2
 Abundant Ammunition,8
Abyssal Vermin,7
 Accelerate Poison,8
 Accept Affliction,8
 Accursed Glare,9
 Acid Arrow,2
 Acid Fog,9
 Acid Maw,9
 Acid Pit,8
 Acid Splash,2
 Acidic Spray,9
 Acute Senses,5
 Adhesive Blood,4
 Adhesive Spittle,3
 Adjustable Disguise,8
 Adjustable Polymorph,8
 Admonishing Ray,4
 Adoration,7
 Adroit Retrieval,6
 Advanced Scurvy,9
 Aerial Tracks,1
 Age Resistance,9
 Age Resistance Greater,2
 Age Resistance Lesser,6
 Aggravate Affliction,6
 Aggressive Thundercloud,5
 Aggressive Thundercloud Greater,7
 Agonize,5
Agonizing Rebuke,2
 Aid,5
 Air Breathing,4
 Air Bubble,9
 Air Geyser,8
 Air of Authority,6
 Air Step,7
 Air Walk,3
 Air Walk Communal,5
 Akashic Communion,7
 Akashic Form,5
 Alarm,9
 Alaznist's Jinx,7
 Alchemical Allocation,7
 Alchemical Tinkering,3
 Aldori Alacrity,4
 Align Weapon,9
 Align Weapon Communal,2
 Allegro,7
Alleviate Addiction,4
 Alleviate Corruption,2
 Allfood,2
 Allied Cloak,4
 Alluring Light,6
 Alluring Spores,6
 Ally Across Time,1
 Alpha Instinct,2
 Alter Musical Instrument,8
 Alter River,2
 Alter Self,8
Alter Summoned Monster,3
 Alter Winds,8
Amnesia,8
 Amplify Elixir,6
Amplify Stench,7
 Analyze Aura,8
 Analyze Dweomer,5
 Ancestral Communion,3
 Ancestral Gift,9
 Ancestral Memory,2
Ancestral Regression,6
 Anchored Step,2
 Angelic Aspect,7
 Angelic Aspect Greater,9
 Angelic Aspect Lesser,4
 Animal Ambassador,8
 Animal Aspect,6
 Animal Aspect Greater,8
 Animal Growth,6
 Animal Messenger,2
 Animal Purpose Training,9
 Animal Shapes,1
 Animal Trance,3
 Animate Dead,5
 Animate Dead Lesser,2
 Animate Objects,2
 Animate Plants,1
 Animate Rope,9
 Animus Mine,1
 Animus Mine Greater,3
 Anonymous Interaction,4
 Ant Haul,5
 Ant Haul Communal,7
 Anthropomorphic Animal,5
 Anticipate Peril,5
 Anticipate Thoughts,9
 Anti-Incorporeal Shell,1
 Antilife Shell,6
 Antimagic Field,5
 Antipathy,6
 Antiplant Shell,1
Anti-Summoning Shield,1
 Antitech Field,8
 Antithetical Constraint,3
 Antitoxin Touch,4
 Anywhere but Here,7
 Apathy,8
 Ape Walk,6
 Aphasia,1
Apparent Master,5
Apparent Treachery,5
 Appearance of Life,7
 Appearance of Life Greater,9
 Apport Animal,1
 Apport Object,6
 Apsu's Shining Scales,8
 Aquatic Cavalry,1
 Aquatic Trail,6
 Aqueous Orb,8
 Aram Zey's Focus,1
 Aram Zey's Trap Ward,2
 Arbitrament,4
 Arboreal Hammer,4
 Arcana Theft,7
Arcane Cannon,4
 Arcane Concordance,2
 Arcane Disruption,7
 Arcane Eye,5
 Arcane Lock,2
 Arcane Mark,4
 Arcane Pocket,4
Arcane Reinforcement,7
 Arcane Sight,6
 Arcane Sight Greater,8
 Archon's Aura,2
 Archon's Trumpet,2
 Ardor's Onslaught,3
Arid Refuge,4
Armor of Darkness,6
 Army Across Time,8
 Aroden's Magic Army,4
 Aroden's Spellbane,9
 Aroden's Spellsword,3
 Arrow Eruption,4
 Arrow of Law,6
 Artificer's Curse,3
Ascension,9
 Ash Storm,5
Ashen Path,2
 Aspect of the Bear,9
 Aspect of the Falcon,7
 Aspect of the Nightingale,8
 Aspect of the Stag,3
 Aspect of the Wolf,3
 Assume Appearance,5
Assume Appearance Greater,7
Assumed Likeness,5
 Astral Projection,7
 Astral Projection Lesser,4
 Atavism,4
 Atavism Mass,2
 Atonement,8
 Audiovisual Hallucination,3
 Auditory Hallucination,9
 Augmenting Wall,6
 Augury,3
 Aura Alteration,3
Aura of Cannibalism,6
 Aura of Distraction,5
 Aura of Doom,1
 Aura of Greater Courage,8
 Aura of Inviolate Ownership,8
 Aura of the Unremarkable,9
 Aura Sight,5
 Authenticating Gaze,2
 Aversion,4
Awaken,1
Awaken Construct,8
 Awaken the Devoured,2
 Babble,6
 Badger's Ferocity,4
 Balance of Suffering,2
 Baleful Polymorph,8
 Baleful Shadow Transmutation,8
 Ball Lightning,1
 Ban Corruption,4
 Bane,4
 Banish Seeming,8
 Banishing Blade,8
 Banishment,6
 Banshee Blast,9
 Baphomet's Blessing,6
 Barbed Chains,5
 Bard's Escape,3
Barghest Feast,5
 Barkskin,4
 Barrow Haze,9
 Batrachian Surge,3
 Battering Blast,6
 Battle Trance,4
 Battlemind Link,2
 Beacon of Guilt,4
 Beacon of Luck,9
Beanstalk,4
 Bear's Endurance,4
 Bear's Endurance Mass,2
 Beast Shape I,6
 Beast Shape II,6
 Beast Shape III,6
 Beast Shape IV,1
 Beastspeak,9
 Bed of Iron,7
 Befuddled Combatant,8
 Beguiling Gift,2
 Beloved of the Forge,8
 Bereave,4
 Besmara's Grasping Depths,7
 Bestow Auras,9
 Bestow Curse,6
 Bestow Curse Greater,8
 Bestow Grace,1
 Bestow Grace of the Champion,8
 Bestow Insight,8
 Bestow Planar Infusion I,1
 Bestow Planar Infusion II,1
 Bestow Planar Infusion III,1
 Bestow Weapon Proficiency,2
 Betraying Sting,8
 Billowing Skirt,9
 Bilocation,1
 Bind Sage,7
 Binding,5
 Binding Earth,3
 Binding Earth Mass,1
 Bit of Luck,9
 Bite the Hand,6
 Bite the Hand Mass,4
 Biting Words,5
 Black Mark,9
 Black Spot,9
Black Sword of War,9
 Black Tentacles,2
Blacklight,4
 Blade Barrier,5
 Blade Lash,1
 Blade of Bright Victory,5
 Blade of Dark Triumph,4
 Blade of Light,2
 Blade Snare,9
Blade Tutor's Spirit,3
 Bladed Dash,6
 Bladed Dash Greater,8
 Blasphemy,2
 Blast Barrier,8
 Blast of Wind,8
 Blaze of Glory,9
 Blazing Rainbow,9
 Bleaching Resistance,3
 Bleed,1
 Bleed for your Master,6
Bleed Glory,6
Bleeding Strike,5
 Blend,1
Blend with Surroundings,6
 Bless,3
Bless Army,6
 Bless Water,7
 Bless Weapon,5
 Blessed Fist,3
 Blessing of Courage and Life,4
 Blessing of Fervor,3
 Blessing of Liberty,1
 Blessing of Luck and Resolve,9
 Blessing of Luck and Resolve Mass,7
 Blessing of the Mole,6
 Blessing of the Salamander,4
 Blessing of the Watch,7
 Blight,4
Blightburn Weapon,7
 Blinding Ray,7
 Blindness/Deafness,9
 Blink,3
 Blistering Invective,8
 Bloatbomb,1
 Blood Armor,5
 Blood Biography,5
Blood Blaze,4
 Blood Boil,5
 Blood Crow Strike,9
 Blood in the Water,9
 Blood Mist,1
Blood Money,3
Blood of the Martyr,8
 Blood Rage,7
 Blood Salvation,8
Blood Scent,1
 Blood Sentinel,2
 Blood Song,4
Blood Tentacles,3
Blood Ties,2
Blood Transcription,8
 Bloodbath,7
 Bloodhound,2
Bloodstone Mirror,5
 Bloodsworn Retribution,9
 Bloody Arrows,5
 Bloody Claws,5
Bloody Tears and Jagged Smile,4
 Blot,4
 Blur,8
 Blurred Movement,7
 Body Capacitance,5
 Body Double,6
 Boiling Blood,8
Bolt of Glory,3
Bolts of Bedevilment,2
 Bomber's Eye,1
 Bone Fists,1
 Bone Flense,7
 Boneshaker,8
 Boneshatter,1
 Book Ward,8
Borrow Corruption,6
 Borrow Fortune,1
 Borrow Skill,1
Borrowed Time,3
 Bouncing Bomb Admixture,7
 Bouncy Body,9
 Bountiful Banquet,2
 Bow Spirit,5
 Bowstaff,2
 Brand,3
 Brand of Conformity,9
 Brand of Hobbling,3
 Brand of Tracking,8
 Brand Greater,5
 Break,1
 Break Enchantment,1
Break Greater,3
 Breath of Life,8
Breeze,7
 Brightest Light,2
Brightest Night,4
 Brilliant Inspiration,7
 Bristle,4
 Brittle Portal,6
 Brow Gasher,8
 Build Trust,2
 Bullet Shield,3
 Bullet Ward,1
 Bull's Strength,6
 Bull's Strength Mass,4
 Bungle,7
 Buoyancy,7
 Burdened Thoughts,2
 Burn Corruption,6
 Burning Arc (Keleshite),8
 Burning Disarm,5
 Burning Entanglement,8
 Burning Gaze,7
 Burning Hands,5
 Burning Sands,7
 Burrow,7
 Burst Bonds,8
 Burst of Adrenaline,4
 Burst of Force,4
 Burst of Glory,7
 Burst of Insight,7
 Burst of Nettles,7
 Burst of Radiance,3
 Burst of Speed,6
Burst with Light,7
Business Booms,1
 Cackling Skull,9
 Cacophonous Call,5
 Cacophonous Call Mass,3
 Caging Bomb Admixture,8
 Calamitous Flailing,4
 Calcific Touch,5
 Calculated Luck,3
 Calistria's Guardian Wasps,3
 Call Animal,6
 Call Construct,8
 Call Lightning,2
 Call Lightning Storm,6
 Call Spirit,2
 Call the Void,3
 Call Weapon,3
 Callback,9
 Callback Greater,2
 Calm Air,3
 Calm Animals,8
 Calm Emotions,4
 Calm Spirit,3
 Campfire Wall,2
Canopic Conversion,6
 Cape of Wasps,7
 Carrion Compass,2
 Carry Companion,3
 Carrying Wind,1
 Carve Passage,9
 Cast Out,9
 Castigate,4
 Castigate Mass,2
 Catatonia,3
 Cat's Grace,5
 Cat's Grace Mass,3
 Cause Fear,7
 Caustic Blood,7
 Caustic Eruption,5
 Caustic Safeguard,5
 Cauterizing Weapon,9
 Cave Fangs,6
 Celestial Companion,6
 Celestial Healing,7
 Celestial Healing Greater,9
Ceremony,8
 Certain Grip,3
 Chain Lightning,9
 Chain of Perdition,4
 Chains of Fire,5
 Chains of Light,5
 Challenge Evil,7
Chameleon Scales,9
 Chameleon Stride,7
 Chameleon Stride Greater,9
 Champion's Bout,3
 Changestaff,9
 Channel the Gift,6
 Channel Vigor,2
 Chaos Hammer,5
 Charge Object,7
 Charitable Impulse,3
 Charm Animal,3
 Charm Fey,7
 Charm Monster,3
 Charm Monster Mass,1
 Charm Person,4
 Charm Person Mass,2
Charnel House,3
 Charon's Dispensation,7
Chastise,3
 Cheetah's Sprint,3
 Chill Metal,5
 Chill Touch,3
 Chord of Shards,3
 Circle of Clarity,6
 Circle of Death,1
 Claim Identity,9
Claim Identity Greater,2
 Clairaudience/Clairvoyance,8
 Clarion Call,1
 Clashing Rocks,4
 Clay Skin,4
 Cleanse,5
 Cleansing Fire,5
 Clear Grove,7
 Clenched Fist,9
 Cleromancy,1
 Climbing Beanstalk,1
 Cloak of Chaos,1
 Cloak of Dreams,6
Cloak of Secrets,8
 Cloak of Shade,1
 Cloak of Shadows,8
 Cloak of Winds,6
 Clone,4
 Cloud of Seasickness,2
 Cloud Shape,5
 Cloudkill,9
 Codespeak,7
 Cognitive Block,3
 Coin Shot,4
 Cold Ice Strike,7
 Cold Iron Fetters,3
 Collaborative Thaumaturgy,2
 Color Spray,7
 Command,9
 Command Plants,1
 Command Undead,4
 Command Greater,2
 Commune,3
 Commune with Birds,7
 Commune with Nature,7
 Commune with Plane,3
 Commune with Texts,7
 Companion Life Link,7
 Companion Mind Link,6
 Companion Transportation,3
 Compassionate Ally,2
 Compel Hostility,3
 Compel Tongue,2
 Compel Tongue Mass,9
 Compelling Rant,6
 Complex Hallucination,2
 Comprehend Languages,8
 Compulsive Liar,4
 Concealed Breath,8
 Condensed Ether,4
 Conditional Curse,2
 Conditional Favor,7
 Cone of Cold,2
 Confess,9
 Confusion,8
 Confusion Lesser,5
 Conjuration Foil,2
 Conjure Black Pudding,1
 Conjure Carriage,4
 Conjure Deadfall,5
 Consecrate,4
Constricting Coils,2
 Contact Entity I,7
 Contact Entity II,7
 Contact Entity III,7
 Contact Entity IV,2
Contact High,9
 Contact Nalfeshnee,3
 Contact Other Plane,1
 Contagion,8
 Contagion Greater,1
 Contagious Flame,8
 Contagious Suggestion,8
 Contagious Zeal,6
 Contest of Skill,9
 Contingency,3
 Contingent Action,3
 Contingent Scroll,2
 Contingent Venom,1
 Continual Flame,2
 Control Construct,5
 Control Plants,8
 Control Summoned Creature,4
 Control Undead,2
Control Vermin,7
 Control Water,2
 Control Weather,6
 Control Winds,4
 Controlled Fireball,3
 Conversing Wind,5
 Coordinated Effort,7
 Corpse Lanterns,8
 Corrosive Consumption,4
 Corrosive Touch,2
 Corruption Resistance,1
 Cosmic Ray,7
 Counterbalancing Aura,2
 Countless Eyes,2
 Covetous Aura,8
 Covetous Urge,9
Coward's Cowl,1
 Coward's Lament,4
 Crafter's Curse,3
 Crafter's Fortune,9
 Crafter's Nightmare,5
 Create Armaments,3
 Create Demiplane,5
 Create Demiplane Greater,7
 Create Demiplane Lesser,2
Create Drug,3
 Create Food and Water,7
 Create Greater Undead,4
 Create Holds,2
Create Mindscape,1
Create Mindscape Greater,3
 Create Pit,7
Create Soul Gem,9
 Create Treasure Map,9
 Create Undead,2
Create Variant Mummy,6
 Create Water,2
 Creeping Doom,7
 Creeping Ice,4
 Crime of Opportunity,6
 Crime Wave,9
 Crimson Breath,1
 Crimson Confession,3
Crown of Glory,9
 Cruel Jaunt,8
 Crusader's Edge,3
 Crushing Despair,9
 Crushing Hand,9
 Cultural Adaptation,2
 Cultural Adaptation (Taldan),2
 Cup of Dust,8
 Curative Distillation,9
 Cure Critical Wounds,2
 Cure Critical Wounds Mass,9
 Cure Light Wounds,1
 Cure Light Wounds Mass,8
 Cure Moderate Wounds,8
 Cure Moderate Wounds Mass,6
 Cure Serious Wounds,6
 Cure Serious Wounds Mass,4
 Curse Item,5
 Curse of Befouled Fortune,4
 Curse of Burning Sleep,4
 Curse of Disgust,6
 Curse of Dragonflies,8
Curse of Fell Seasons,7
 Curse of Keeping,1
Curse of Magic Negation,7
Curse of Night,1
 Curse of the Outcast,3
 Curse of Unexpected Death,8
Curse Terrain,7
Curse Terrain Greater,9
Curse Terrain Lesser,4
Curse Terrain Supreme,5
 Curse Water,7
 Curse Major,6
 Cursed Earth,5
 Cursed Treasure,6
 Cushioning Bands,6
Cyclic Reincarnation,7
 Daemon Ward,8
 Daggermark's Exchange,9
 Dahak's Release,1
 Damnation,1
Damnation of Memory,3
 Damnation Stride,4
 Damp Powder,7
 Dance of a Hundred Cuts,6
 Dance of a Thousand Cuts,7
 Dancing Darkness,8
 Dancing Lantern,1
 Dancing Lights,1
 Dark Whispers,7
Dark-Light,9
 Darkness,1
 Darkvault,2
 Darkvision,5
 Darkvision Communal,7
 Darkvision Greater,7
 Darting Duplicate,2
 Daybreak Arrow,7
 Daylight,5
 Daywalker,1
 Daze,9
 Daze Monster,5
 Daze Mass,7
 Dazzling Blade,6
 Dazzling Blade Mass,4
 Deadeye's Arrow,8
 Deadeye's Lore,1
 Deadly Finale,8
 Deadly Juggernaut,4
 Deadman's Contingency,1
 Deafening Song Bolt,7
 Death Candle,5
 Death Clutch,6
 Death from Below,3
 Death Knell,2
 Death Knell Aura,7
 Death Knell Aura Greater,9
Death Pact,6
 Death Ward,3
Deathless,3
 Deathwatch,3
 Deathwine,8
Debilitating Pain,8
Debilitating Pain Mass,6
 Debilitating Portent,4
 Debilitating Speech,6
 Decapitate,3
 Deceitful Veneer,1
 Deceptive Redundancy,9
 Decollate,5
 Decompose Corpse,9
 Decrepit Disguise,2
 Deep Slumber,3
 Deeper Darkness,9
 Defending Bone,5
 Defensive Grace,6
 Defensive Shock,1
 Defile Armor,7
 Deflect Blame,7
 Deflection,3
 Defoliate,5
 Deft Digits,4
Deivon's Parry,4
 Deja Vu,9
 Delay Disease,1
 Delay Pain,6
 Delay Poison,9
 Delay Poison Communal,2
 Delayed Blast Fireball,4
 Delayed Consumption,8
 Delectable Flesh,2
 Delusional Pride,2
 Demand,5
 Demand Offering,4
 Demanding Message,5
 Demanding Message Mass,3
Demon Dream,2
 Denounce,9
 Depilate,9
 Desecrate,8
 Desperate Weapon,5
 Destabilize Powder,4
 Destroy Robot,5
 Destruction,4
 Detect Aberration,7
 Detect Animals or Plants,7
 Detect Anxieties,1
 Detect Chaos,4
 Detect Charm,1
Detect Demon,9
 Detect Desires,1
 Detect Evil,6
Detect Fiendish Presence,9
 Detect Good,8
 Detect Law,3
 Detect Magic,9
 Detect Magic Greater,2
 Detect Metal,9
 Detect Mindscape,6
 Detect Poison,1
 Detect Psychic Significance,5
 Detect Radiation,4
 Detect Relations,8
 Detect Scrying,8
 Detect Secret Doors,9
 Detect Snares and Pits,9
 Detect the Faithful,2
 Detect Thoughts,4
 Detect Undead,7
 Determine Depth,2
 Detonate,3
 Detoxify,9
 Devil Snare,1
 Devolution,2
 Diagnose Disease,1
Diamond Spray,4
 Dictum,7
 Die for Your Master,5
 Dimension Door,1
 Dimensional Anchor,3
 Dimensional Blade,4
 Dimensional Bounce,4
 Dimensional Lock,3
 Diminish Plants,5
 Diminish Resistance,9
 Diminished Detection,9
 Dirge of the Victorious Knights,3
 Disable Construct,5
 Discern Lies,9
 Discern Location,8
 Discern Next of Kin,1
 Discern Value,7
 Discharge,2
 Discharge Greater,4
 Discordant Blast,8
 Discovery Torch,4
 Disfiguring Touch,1
 Disguise Other,6
 Disguise Self,9
 Disguise Weapon,5
 Disintegrate,5
 Dismissal,6
 Dispel Balance,4
 Dispel Chaos,3
 Dispel Evil,5
 Dispel Good,7
 Dispel Law,2
 Dispel Magic,8
 Dispel Magic Greater,1
 Displacement,4
 Display Aversion,9
 Disrupt Link,9
 Disrupt Silence,3
 Disrupt Undead,3
 Disrupting Weapon,4
 Dissolution,4
 Distracting Cacophony,8
 Distressing Tone,8
 Divide Mind,3
 Divination,9
 Divine Arrow,3
 Divine Favor,8
 Divine Power,5
 Divine Pursuit,7
 Divine Transfer,2
 Divine Vessel,1
 Dominate Animal,5
 Dominate Monster,5
 Dominate Person,6
 Domination Link,7
 Dongun Shaper's Touch,3
 Doom,2
 Dousing Rain,5
 Draconic Ally,9
Draconic Malice,2
 Draconic Reservoir,7
 Draconic Suppression,4
 Dragon Turtle Shell,4
 Dragon's Breath,6
 Dragonvoice,5
Drain Construct,8
 Drain Poison,8
 Dread Bolt,9
 Dreadscape,4
 Dream,5
 Dream Council,1
 Dream Dalliance,3
 Dream Feast,2
 Dream Reality,5
 Dream Scan,6
 Dream Shield,8
Dream Travel,2
Dream Voyage,8
Drench,7
 Dress Corpse,6
Drunkard's Breath,2
 Dungeonsight,8
 Duplicate Familiar,7
 Dust Form,8
 Dust of Twilight,4
Dust Ward,2
 Dwarven Veil,9
 Dweomer Retaliation,9
 Eagle Aerie,5
 Eagle Eye,2
 Eagle's Splendor,8
 Eagle's Splendor Mass,6
 Eaglesoul,7
 Early Judgment,2
 Ear-Piercing Scream,2
Ears of the City,1
Earsend,3
Earth Glide,8
 Earth Tremor,6
 Earthquake,8
Echean's Excellent Enclosure,6
 Echo,4
 Echolocation,3
 Ectoplasmic Eruption,9
 Ectoplasmic Hand,8
 Ectoplasmic Snare,2
 Effortless Armor,1
 Ego Whip I,2
 Ego Whip II,2
 Ego Whip III,2
 Ego Whip IV,6
 Ego Whip V,6
 Egorian Diplomacy,5
 Eldritch Conduit,3
 Eldritch Conduit Greater,5
Eldritch Fever,9
Elemental Assessor,4
 Elemental Aura,2
 Elemental Body I,7
 Elemental Body II,7
 Elemental Body III,7
 Elemental Body IV,2
Elemental Bombardment,5
 Elemental Mastery,8
 Elemental Speech,8
 Elemental Swarm,8
 Elemental Touch,1
 Elude Time,4
 Emblazon Crest,9
 Emblem of Greed,2
 Embrace Destiny,8
 Emergency Force Sphere,6
 Emotive Block,6
 Empathy Conduit,3
 Empower Holy Water,6
 Enchantment Foil,6
 Enchantment Sight,9
 Endothermic Touch,1
 Endure Elements,7
 Endure Elements Communal,9
 Enemy Hammer,3
 Enemy Insight,4
Enemy's Heart,7
 Energy Drain,3
 Energy Hack,7
Energy Siege Shot,1
Energy Siege Shot Greater,3
 Enervation,6
 Enhance Water,9
 Enhanced Diplomacy,8
 Enlarge Person,5
 Enlarge Person Mass,3
Enlarge Tail,5
 Enlightened Step,1
 Enshroud Thoughts,6
 Entangle,6
 Enter Image,7
 Enthrall,9
 Entice Fey,2
 Entice Fey Greater,4
 Entice Fey Lesser,8
Enticing Adulation,7
 Entomb,6
 Entrap Spirit,3
 Entropic Shield,4
 Envious Urge,3
 Epidemic,1
 Erase,3
 Erase Impressions,6
 Erode Defenses,7
 Eroding Ray,8
 Eruptive Pustules,6
 Escape Alarm,4
 Escaping Ward,3
 Ether Step,8
 Ethereal Envelope,6
 Ethereal Envelopment,8
 Ethereal Fists,3
 Ethereal Jaunt,5
 Etherealness,5
 Etheric Shards,2
 Euphoric Cloud,6
 Euphoric Tranquility,9
 Evaluator's Lens,4
 Evolution Surge,5
 Evolution Surge Greater,7
 Evolution Surge Lesser,2
 Excruciating Deformation,2
 Expeditious Construction,3
 Expeditious Excavation,9
 Expeditious Retreat,9
 Expel Blood,2
 Expend,5
 Explode Head,9
 Explosion of Rot,5
 Explosive Runes,6
 Exquisite Accompaniment,4
 Extreme Buoyancy,7
 Extreme Flexibility,7
 Eyebite,8
 Eyes of the Void,5
 Fable Tapestry,6
 Fabricate,2
 Fabricate Bullets,3
 Fabricate Disguise,5
 Face of the Devourer,6
 Faerie Fire,1
 Fair is Foul,8
 Fairness,1
 Fairy Ring Retreat,5
 Fallback Strategy,1
 False Age,2
 False Alibi,4
 False Belief,1
 False Face,4
 False Future,8
 False Life,3
 False Life Greater,5
False Resurrection,1
False Resurrection Greater,3
 False Vision,5
 False Vision Greater,7
 Familiar Double,2
 Familiar Figment,8
 Familiar Melding,7
 Fastidiousness,9
 Fear,3
 Fear the Sun,9
 Fearsome Duplicate,2
 Feast of Ashes,7
 Feast on Fear,2
 Feather Fall,4
 Feather Step,6
 Feather Step Mass,4
 Feeblemind,3
 Ferment,9
 Fester,1
 Fester Mass,8
Fey Blight,4
Fey Boon,1
 Fey Form I,7
 Fey Form II,7
 Fey Form III,7
 Fey Form IV,2
 Fey Gate,6
 Fickle Winds,7
 Fiendish Wrath,9
 Fiery Body,1
 Fiery Runes,5
 Fiery Shuriken,6
Film of Filth,8
 Final Sacrifice,7
 Find Fault,3
 Find Quarry,7
 Find the Path,3
 Find Traps,8
 Finger of Death,1
 Fins to Feet,2
 Fire Breath,2
 Fire of Entanglement,9
 Fire of Judgment,9
 Fire of Vengeance,9
 Fire Seeds,9
 Fire Shield,5
 Fire Snake,7
 Fire Sneeze,4
 Fire Storm,6
 Fire Trail,8
 Fire Trap,3
 Fireball,2
 Firebelly,4
 Firebrand,5
 Firefall,6
 Fire's Friend,5
 Firestream,6
 Firewalker's Meditation,3
 First World Revisions,4
 Flame Arrow,4
 Flame Blade,7
 Flame Steed,9
 Flame Strike,2
 Flames of the Faithful,4
Flaming Aura,4
 Flaming Sphere,7
 Flaming Sphere Greater,9
 Flare,6
 Flare Burst,5
 Flash Fire,3
 Flash Flood,8
 Flash Forward,5
 Flashfire,3
 Fleeting Defect,4
 Fleeting Memory,5
 Fleeting Memory Mass,3
 Flesh Puppet,9
 Flesh Puppet Horde,5
 Flesh to Ooze,2
 Flesh to Stone,5
 Flesh Wall,8
 Fleshcurdle,5
 Fleshwarping Swarm (Drow),5
 Fleshworm Infestation,8
Fleshy Facade,5
 Flexible Fury,1
 Flexile Curse,4
 Flickering Lights,7
 Floating Disk,1
 Fluid Form,5
 Flurry of Snowballs,4
 Fly,7
 Fly Mass,5
 Focused Scrutiny,4
 Foe to Friend,9
 Fog Cloud,2
 Follow Aura,7
 Font of Spirit Magic,2
 Fool's Forbiddance,4
Fool's Gold (AA),6
Fool's Gold (VC),6
Fool's Teleport,7
 Forbid Action,8
 Forbid Action Greater,1
 Forbiddance,9
 Force Anchor,7
 Force Hook Charge,3
 Force Punch,1
 Force Sword,9
 Forcecage,9
Forced Mutation,2
 Forced Quiet,6
 Forced Repentance,8
 Forceful Hand,5
 Forceful Strike,6
 Foresight,8
 Forest Friend,4
Forest's Sense,2
 Foretell Failure,3
 Forgetful Slumber,2
 Form of the Alien Dragon I,8
 Form of the Alien Dragon II,8
Form of the Alien Dragon III,8
 Form of the Dragon I,3
 Form of the Dragon II,3
 Form of the Dragon III,3
 Form of the Exotic Dragon I,7
 Form of the Exotic Dragon II,7
 Form of the Exotic Dragon III,7
Fortune's Path,1
 Foster Hatred,4
 Fox's Cunning,2
 Fox's Cunning Mass,9
 Fractions of Heal and Harm,4
 Free Spirit,8
 Free Swim,8
 Freedom,3
 Freedom of Movement,5
 Freedom's Toast,7
 Freezing Sphere,8
 Frightful Aspect,9
 Frigid Souls,4
 Frigid Touch,3
 Frost Fall,1
 Frost Mammoth,8
 Frostbite,6
Frosthammer,1
Frosty Aura,9
 Frozen Note,3
 Full Pouch,6
 Fumblestep,2
 Fumbletongue,6
 Funereal Weapon,3
 Fungal Blisters,3
 Fungal Infestation,4
 Furious Fire Barrage,1
 Fury of the Sun,7
 Gallant Inspiration,4
 Garden of Peril,4
 Garrulous Grin,9
 Gaseous Form,4
 Gate,6
 Geas Lesser,2
 Geas/Quest,6
 Geb's Hammer,1
Genesis,6
 Geniekind,6
Genius Avaricious,4
 Gentle Breeze,7
 Gentle Repose,6
 Geomessage,6
 Getaway,1
 Geyser,7
 Ghost Brand,9
 Ghost Sound,7
Ghost Whip,8
 Ghost Wolf,8
 Ghostbane Dirge,8
 Ghostbane Dirge Mass,6
 Ghostly Disguise,1
Ghoul Hunger,1
 Ghoul Touch,4
 Giant Form I,4
 Giant Form II,4
 Giant Vermin,6
Gift of the Deep,9
 Gilded Whispers,5
 Gird Ally,7
 Glibness,6
 Glide,1
Glimpse of the Akashic,7
 Glimpse of Truth,9
 Glimpse the Hidden,5
 Glitterdust,2
 Globe of Invulnerability,3
 Globe of Invulnerability Lesser,9
 Globe of Tranquil Water,7
 Gloomblind Bolts,9
 Glue Seal,1
 Glyph of Warding,3
 Glyph of Warding Greater,5
 Golden Guise,1
 Good Hope,4
 Goodberry,1
 Gorum's Armor,5
 Gozreh's Trident,8
 Grace,7
 Grand Destiny,5
 Grappling Scarf,3
 Grasp,7
 Grasping Corpse,5
 Grasping Hand,1
 Grasping Tentacles,1
Grasping Vine,6
 Grave Words,6
 Gravel Vortex,7
 Gravity Bow,7
 Gravity Sphere,2
 Gravity Well,1
 Grease,1
 Grease Greater,3
 Greater Reversion,1
 Green Caress,6
 Greensight,4
 Grim Stalker,7
 Groundswell,6
 Grove of Respite,9
 Guardian Armor,5
 Guardian Monument Greater,3
 Guardian Monument Lesser,7
 Guardian of Faith,5
 Guarding Knowledge,6
 Guards and Wards,1
 Guidance,1
 Guiding Star,3
 Gullibility,3
 Gust of Wind,3
 Gusting Sphere,6
 Hag's Seasoning,3
 Hairline Fractures,7
Half-Blood Extraction,6
 Halfling Vengeance,1
 Halfling Vengeance Mass,8
 Hallow,8
 Hallucinatory Decor,6
 Hallucinatory Terrain,1
 Hallucinogenic Smoke,7
 Halt Undead,9
 Hammer of Mending,1
 Handy Grapnel,8
 Hanspur's Flotsam Vessel,5
Hardening,8
 Harm,4
 Harmless Form,3
Harrowing,5
 Harrowing Greater,7
Harvest Knowledge,9
 Harvest Season,4
 Haste,8
 Hasten Judgement,4
 Haunted Fey Aspect,2
 Haunting Choir,3
 Haunting Mists,3
 Haunting Reminder,9
 Haze of Dreams,4
 Heal,8
 Heal Mount,1
 Heal Mass,6
 Healing Flames,4
 Healing Leak,4
 Healing Thief,5
 Healing Token,4
 Healing Warmth,4
 Heart of the Mammoth,9
 Heart of the Metal,4
 Heat Metal,4
 Heatstroke,5
 Heavy Water,2
 Heckle,8
 Hedging Weapons,3
 Heightened Awareness,1
 Heightened Reflexes,8
Hellfire Ray,2
 Hellmouth Lash,1
 Helping Hand,8
Heretic's Tongue,7
Hermean Potential,5
 Heroes' Feast,4
 Heroic Finale,6
Heroic Fortune,4
Heroic Fortune Mass,2
 Heroic Invocation,9
 Heroism,6
 Heroism Greater,8
 Hero's Defiance,4
 Hex Glyph,6
 Hex Glyph Greater,8
 Hex Vulnerability,9
 Hex Ward,2
 Hibernate,1
 Hidden Blades,6
 Hidden Knowledge,5
 Hidden Presence,3
 Hidden Speech,1
 Hidden Spring,1
 Hide Bruises,2
 Hide Campsite,4
 Hide from Animals,3
 Hide from Undead,1
Hide from Undead Greater,3
 Hide Weapon,1
 Hideous Laughter,2
 Hobble,8
 Hobbling Bomb Admixture,9
 Hold Animal,8
 Hold Fey,3
 Hold Monster,8
 Hold Monster Mass,6
 Hold Person,9
 Hold Person Mass,7
 Hold Portal,4
 Hollow Blades,2
 Hollow Heroism,1
 Hollow Heroism Greater,3
 Holy Aura,2
 Holy Ice,5
 Holy Ice Weapon,7
 Holy Javelin,7
 Holy Shield,9
 Holy Smite,9
 Holy Sword,4
 Holy Whisper,5
 Holy Word,3
 Homeward Bound,8
 Honeyed Tongue,5
 Hoodwink,9
 Horn of Pursuit,2
 Horrid Wilting,4
 Horrific Doubles,2
Horrifying Visage,3
 Hostile Juxtaposition,2
 Hostile Juxtaposition Greater,4
 Hostile Levitation,8
 Howling Agony,6
 Human Potential,7
 Human Potential Mass,5
Hunger for Flesh,9
Hunger for Flesh Mass,7
 Hungry Darkness,4
 Hungry Earth,1
 Hungry Pit,3
 Hunter's Blessing,3
 Hunter's Eye,5
 Hunter's Friend,8
 Hunter's Howl,1
 Hunter's Lore,2
 Huntmaster's Spear,1
Hurricane Blast,7
 Hydraulic Push,3
 Hydraulic Torrent,4
 Hydrophobia,4
 Hymn of Mercy,1
 Hymn of Peace,3
 Hypercognition,7
 Hypnotic Pattern,6
 Hypnotism,4
 Hypnotism Greater,6
 Ice Armor,1
 Ice Body,9
 Ice Crystal Teleport,1
 Ice Slick,8
 Ice Spears,5
 Ice Storm,3
 Icicle Dagger,2
 Icy Prison,2
 Icy Prison Mass,9
 Id Insinuation I,5
 Id Insinuation II,5
 Id Insinuation III,5
 Id Insinuation IV,9
 Identifier's Eye,9
 Identify,2
Ignoble Form,8
 Ill Omen,8
 Illusion of Calm,8
 Illusion of Treachery,1
 Illusion of Treachery Greater,3
Illusory Crowd,5
 Illusory Hoard,6
 Illusory Maze,5
 Illusory Poison,3
 Illusory Script,9
 Illusory Wall,8
Imbue Army Special Ability,7
 Imbue Hex,6
Imbue With Addiction,9
 Imbue with Aura,7
 Imbue with Elemental Might,2
Imbue with Flight,1
 Imbue with Spell Ability,9
Impart Mind,9
Impede Speech,9
 Impenetrable Veil,6
 Implant False Reading,6
 Implant Urge,1
 Implanted Projection,3
 Implosion,5
 Impossible Angles,6
 Imprisonment,3
Improve Trap,9
 Incendiary Cloud,4
Incendiary Runes,8
 Incessant Buzzing,2
 Incorporeal Chains,9
 Infernal Challenger,2
 Infernal Healing,9
 Infernal Healing Greater,2
 Inflict Critical Wounds,1
 Inflict Critical Wounds Mass,8
 Inflict Light Wounds,9
 Inflict Light Wounds Mass,7
 Inflict Moderate Wounds,7
 Inflict Moderate Wounds Mass,5
 Inflict Pain,5
 Inflict Pain Mass,3
 Inflict Serious Wounds,5
 Inflict Serious Wounds Mass,3
Influence Wild Magic,8
Infuse Decay,4
Infuse Effigy,6
 Infuse Robot,9
 Infuse Self,8
 Inheritor's Smite,3
Inhibiting Patterns,7
 Inner Focus,7
 Innocence,1
 Innocuous Shape,9
 Insanity,3
 Insect Plague,6
Insect Scouts,5
 Insect Spies,3
 Insect Spies Greater,5
 Inspiring Recovery,1
 Instant Armor,9
Instant Clot,3
 Instant Enemy,6
 Instant Fake,3
 Instant Portrait,7
 Instant Restoration,8
 Instant Summons,4
 Instant Summons Greater,6
 Instant Weapon,9
Instigate Psychic Duel,4
 Instrument of Agony,2
 Intellect Fortress I,4
 Intellect Fortress II,4
 Intellect Fortress III,4
 Intensify Psyche,8
 Interplanetary Teleport,1
 Interposing Hand,2
 Interrogation,3
 Interrogation Greater,5
 Inveigle Monster,7
 Inveigle Person,8
 Investigative Mind,4
 Invigorate,3
 Invigorate Mass,1
 Invigorating Poison,8
 Invigorating Repose,7
 Invisibility,6
 Invisibility Alarm,6
 Invisibility Bubble,5
 Invisibility Bubble Giant,2
 Invisibility Bubble Mass,3
 Invisibility Purge,1
 Invisibility Sphere,5
 Invisibility Greater,8
 Invisibility Mass,4
 Invoke Deity,4
 Invoke Primal Power,6
 Iron Body,3
 Iron Spine,2
 Iron Stake,4
 Ironbeard,5
 Ironbloom Sprouts,7
Ironskin,1
 Ironwood,5
Irradiate,4
 Irregular Size,6
 Irresistible Dance,1
 Irriseni Mirror Sight,3
 Isolate,9
 Itching Curse,1
 Ja Noi Aspect,5
 Janni's Jaunt,7
Jatembe's Ire,8
 Jealous Rage,6
 Jester's Jaunt,9
 Jitterbugs,5
Jolt,3
 Jolting Portent,6
 Joyful Rapture,8
 Judgement Undone,1
 Judgment Light,6
 Jump,6
 Jungle Mind,1
 Jury-Rig,9
Kalistocrat's Nightmare,9
 Karmic Blessing,7
 Keen Edge,2
 Keen Senses,8
 Keep Watch,2
Keyhole,9
 Khain's Army,2
 Ki Arrow,5
 Ki Leech,8
 Ki Shout,4
 Kinetic Reverberation,7
 King's Castle,3
 Kiss of the First World,4
 Knell of the Depths,9
 Knight's Calling,2
 Knock,9
 Knock Mass,7
 Know Direction,7
 Know Peerage,3
 Know the Enemy,5
 Kreighton's Perusal,2
 Lament of Summer's Last Breath,3
 Languid Bomb Admixture,8
 Languid Venom,2
 Lash of the Astradaemon,7
 Last Azlanti's Defending Sword,4
 Last Azlanti's Defending Sword Mass,2
 Lay of the Land,6
 Lead Anchor,9
 Lead Blades,2
Lead Plating,2
 Leashed Shackles,6
 Legend Lore,7
Legendary Proportions,5
 Lend Judgment,3
 Lend Judgment Greater,5
Lend Path,8
 Leshy Swarm,8
 Levitate,4
 Liberating Command,7
 Life Blast,5
 Life Bubble,4
 Life Channel,8
 Life Conduit,1
 Life Conduit Greater,3
 Life Conduit Improved,4
 Life Current,5
 Life of Crime,2
 Life Pact,9
 Life Shield,8
 Light,2
 Light Lance,1
 Light of Iomedae,3
 Light Prison,3
 Lighten Object,4
 Lighten Object Mass,2
Lightfingers,8
 Lightning Arc,5
 Lightning Bolt,5
 Lightning Conductor,6
Lightning Lash,5
 Lightning Lash Bomb Admixture,8
 Lily Pad Stride,1
 Limited Wish,5
Limp Lash,9
 Line in the Sand,8
 Linebreaker,1
 Linked Legacy,9
 Lipstitch,8
 Liquefy,5
Lissalan Snake Sigil,4
 Litany of Admonition,9
 Litany of Defense,7
 Litany of Dependability,3
 Litany of Duty,1
 Litany of Eloquence,1
 Litany of Entanglement,7
 Litany of Escape,7
 Litany of Madness,6
 Litany of Order,9
 Litany of Righteousness,2
 Litany of Sight,3
 Litany of Sloth,5
Litany of the Red Crusader,8
 Litany of Thunder,3
 Litany of Truth,9
 Litany of Vengeance,7
 Litany of Warding,7
 Litany of Weakness,1
 Liveoak,3
 Loathsome Veil,3
 Locate Creature,3
 Locate Gate,8
 Locate Object,3
 Locate Portal,3
 Locate Weakness,9
 Lock Gaze,8
 Lockjaw,3
 Locksight,5
 Long Arm,8
 Longshot,2
 Longstrider,6
 Longstrider Greater,8
 Lose the Trail,9
 Lost Legacy,2
 Lost Locale,6
 Lost Passage,8
 Lover's Vengeance,5
 Lucky Number,1
 Lullaby,4
 Lunar Veil,6
 Mad Hallucination,4
 Mad Monkeys,3
 Mad Sultan's Melody,9
 Maddening Oubliette,9
 Mage Armor,1
 Mage Hand,8
Mage's Crawl Space,2
 Mage's Decree,4
 Mage's Disjunction,3
 Mage's Faithful Hound,1
 Mage's Lucubration,1
 Mage's Magnificent Mansion,6
 Mage's Private Sanctum,2
 Mage's Sword,7
 Magic Aura,2
 Magic Aura Greater,4
Magic Boulder,2
 Magic Circle against Chaos,2
 Magic Circle against Evil,4
 Magic Circle against Good,6
 Magic Circle against Law,1
 Magic Circle Against Technology,8
 Magic Fang,7
 Magic Fang Greater,9
 Magic Jar,8
 Magic Missile,2
 Magic Mouth,2
Magic Siege Engine,6
Magic Siege Engine Greater,8
 Magic Stone,7
 Magic Vestment,7
 Magic Weapon,8
 Magic Weapon Greater,1
 Magical Beast Shape,7
 Magnetic Field,9
 Magnifying Chime,8
 Majestic Image,7
 Major Creation,7
 Major Image,2
 Major Phantom Object,1
 Make Lost,6
 Make Whole,3
 Make Whole Greater,5
Malediction,6
Malediction (Hero Points),6
 Malfunction,2
 Malicious Spite,9
 Mantle of Calm,7
 Mantle of Doubt,4
 Mantle of the Magic Warriors,3
 Marching Chant,2
 Marid's Mastery,3
 Marionette Possession,9
 Mark of Blood,4
 Mark of Buoyancy,8
 Mark of Justice,7
 Mark of Obvious Ethics,6
 Mark of Spite,7
Mark of the Reptile God,1
 Marks Of Forbiddance,2
 Martial Marionette,5
 Martial Telekinesis,4
 Martyr's Bargain,4
 Martyr's Last Blessing,1
 Mask Dweomer,1
 Mask Dweomer Communal,3
 Mask from Divination,6
 Masochistic Shadow,9
 Massacre,7
 Master's Escape,9
 Master's Mutation,1
 Masterwork Transformation,2
Matchmaker,3
 Mathematical Curse,1
Maw of Chaos,5
 Maze,9
Maze of Madness and Suffering,4
 Medusa's Bane,5
 Meld into Stone,3
 Memorize Page,7
 Memory Lapse,7
Memory of Function,5
 Mending,3
 Mental Barrier I,1
 Mental Barrier II,1
 Mental Barrier III,1
 Mental Barrier IV,5
 Mental Barrier V,5
 Mental Block,9
 Merge with Familiar,6
 Message,6
 Metabolic Molting,8
 Meteor Swarm,6
 Meticulous Match,3
 Miasmal Dread,1
 Miasmatic Form,5
 Microcosm,9
 Mighty Fist of the Earth,8
 Mighty Strength,4
 Mind Blank,8
 Mind Blank Communal,1
 Mind Fog,5
 Mind Maze,4
 Mind Over Matter,6
 Mind Probe,6
 Mind Swap,9
 Mind Swap Major,3
 Mind Thrust I,2
 Mind Thrust II,2
 Mind Thrust III,2
 Mind Thrust IV,6
 Mind Thrust V,6
 Mind Thrust VI,6
 Mindlink,5
 Mindlocked Messenger,6
 Mindscape Door,1
 Mindshock,6
 Mindwipe,3
 Minor Creation,1
 Minor Dream,2
 Minor Image,5
 Minor Phantom Object,4
 Minor Reversion,5
 Minor Reversion Mass,3
 Miracle,7
 Mirage,8
 Mirage Arcana,1
 Mirror Hideaway,5
 Mirror Image,9
 Mirror Mantis,5
 Mirror Polish,8
 Mirror Strike,2
 Mirror Transport,7
 Mischievous Shadow,6
 Misdirection,3
 Miserable Pity,1
 Mislead,9
 Mnemonic Enhancer,1
 Mnemonic Siphon,5
 Modify Memory,8
 Molten Orb,6
 Moment of Greatness,2
 Moment of Prescience,9
 Monkey Fish,8
 Monstrous Extremities,4
 Monstrous Physique I,4
 Monstrous Physique II,4
 Monstrous Physique III,4
 Monstrous Physique IV,8
 Moonrise Arrow,3
 Moonstruck,5
 Morning Sun,9
Mortal Terror,2
 Motes of Dusk and Dawn,2
 Mount,2
 Mount Communal,4
 Move Earth,8
 Mud Buddy,4
 Mudball,2
 Muffle Sound,1
 Murderous Command,8
 Murderous Crow,4
 Music of the Spheres,2
 Mutagenic Touch,7
 Mydriatic Spontaneity,8
 Mydriatic Spontaneity Mass,6
Mythic Severance,8
 Naga Shape I,9
 Naga Shape II,9
 Naga Shape III,9
 Named Bullet,1
 Named Bullet Greater,3
 Nap Stack,4
 Natural Rhythm,8
 Nature's Exile,9
 Nature's Paths,9
 Nature's Ravages,9
 Nature's Ravages Greater,2
 Nauseating Dart,1
 Nauseating Trail,9
 Necromantic Burden,8
 Necrostasis,7
 Negate Aroma,1
 Negative Reaction,6
 Nereid's Grace,9
 Neutral Buoyancy,8
 Neutralize Poison,3
 Neutralize Poison Greater,5
 Nex's Secret Workshop,5
Night Blindness,3
 Night of Blades,5
 Night Terrors,9
 Nightmare,5
 Nine Lives,1
 Nixie's Lure,1
 Node of Blasting,8
 Nondetection,3
 Nondetection Communal,5
 Nondetection Lesser,9
 Numerological Evocation,6
 Numerological Resistance,6
 Oasis,9
Oath of Anonymity,3
 Oath of Justice,8
 Oath of Peace,5
 Object Possession,7
 Object Possession Greater,9
 Object Possession Lesser,4
 Object Reading,5
 Obscure Object,3
 Obscure Poison,9
 Obscured Script,1
 Obscuring Mist,7
 Obsidian Flow,3
 Old Salt's Curse,6
 Oneiric Horror,3
 Oneiric Horror Greater,5
 Ooze Form I,5
 Ooze Form II,5
 Ooze Form III,5
 Open and Shut,2
 Open Arms,2
 Open Book,3
Open the Dead Roads,1
 Open/Close,5
 Opportunistic Loyalty,8
 Oppressive Boredom,9
 Oracle's Burden,2
 Oracle's Vessel,2
 Orb of the Void,4
 Orchid's Drop,3
 Order's Wrath,5
 Out of Sight,5
 Outbreak,3
 Overland Flight,9
 Overlook,5
 Overstimulate,9
 Overwhelming Grief,7
 Overwhelming Poison,5
 Overwhelming Presence,2
 Owl's Wisdom,8
 Owl's Wisdom Mass,6
 Pack Empathy,2
 Page-Bound Epiphany,8
 Pain Strike,5
 Pain Strike Mass,3
 Painful Revelation,2
 Paladin's Sacrifice,5
 Pale Flame,8
 Paragon Surge,7
 Paranoia,3
 Parasitic Soul,1
 Parchment Swarm,1
 Particulate Form,7
 Pass without Trace,2
 Passing Fancy,8
 Passing Fancy Mass,6
 Passwall,4
 Path of Glory,8
 Path of Glory Greater,1
 Path of the Winds,6
Pattern Recognition,7
 Peace Bond,2
 Peacebond,2
 Peacebond Greater,4
 Peacemaker's Parley,3
 Peasant Armaments,9
 Peerless Integrity,1
 Pellet Blast,7
Penumbra,9
Penumbral Disguise,6
 Perceive Cues,5
 Percieve Betrayal,5
 Perfect Placement,9
Permanency,6
 Permanent Hallucination,2
 Permanent Image,6
 Pernicious Poison,1
 Pernicious Pranksters,9
 Persistent Image,9
 Persistent Vigor,9
 Persuasive Goad,9
Pesh Addiction,1
Pesh Addiction Lesser,7
Pesh Vigor,2
 Pessimism,5
 Petulengro's Validation,7
 Phantasmal Affliction,2
 Phantasmal Asphixiation,7
 Phantasmal Killer,1
 Phantasmal Putrefaction,1
 Phantasmal Reminder,2
 Phantasmal Revenge,1
 Phantasmal Web,9
 Phantom Blood,9
 Phantom Chariot,8
 Phantom Driver,1
 Phantom Hunt,6
 Phantom Limb,6
 Phantom Steed,5
 Phantom Steed Communal,7
 Phantom Trap,7
 Phase Door,2
 Phase Step,1
 Phasic Challange,2
 Phobia,6
 Pick Your Poison,8
 Pied Piping,6
 Pierce Disguise,5
 Pierce Facade,4
 Piercing Shriek,7
 Pilfering Hand,6
 Pillar of Life,4
 Pillow Talk,5
 Pinecone Bomb,5
 Placebo Effect,9
 Plague Bearer,3
 Plague Carrier,8
 Plague Storm,3
 Planar Adaptation,1
 Planar Adaptation Mass,8
 Planar Aegis,4
 Planar Ally,4
 Planar Ally Greater,6
 Planar Ally Lesser,1
 Planar Binding,4
 Planar Binding Greater,6
 Planar Binding Lesser,1
 Planar Inquiry,4
 Planar Orientation,4
 Planar Refuge,7
 Plane Shift,2
 Planeslayer's Call,4
 Planetarium,4
 Planetary Adaptation,6
 Planetary Adaptation Mass,4
 Planned Assault,6
 Plant Growth,1
 Plant Shape I,4
 Plant Shape II,4
 Plant Shape III,4
 Plant Voice,9
 Play Instrument,9
Plundered Power,5
 Pocketful of Vipers,3
 Poison,7
 Poison Breath,7
 Poisoned Egg,8
 Poisonous Balm,9
 Poisonous Cloud,9
 Polar Midnight,2
 Polar Ray,7
 Polymorph,3
 Polymorph Any Object,8
 Polymorph Familiar,9
 Polymorph Greater,5
 Polypurpose Panacea,3
 Positive Pulse,8
 Positive Pulse Greater,1
 Possess Object,5
 Possession,6
 Possession Trap,7
 Possession Greater,8
 Pouncing Fury,7
 Power Word Blind,7
 Power Word Kill,1
 Power Word Stun,4
 Pox of Rumors,9
 Pox Pustules,8
 Prayer,2
Prediction of Failure,8
Prehensile Pilfer,6
 Preserve,9
 Preserve Grace,7
 Pressure Adaptation,6
 Prestidigitation,6
 Primal Regression,9
 Primal Scream,2
 Prismatic Sphere,8
 Prismatic Spray,7
 Prismatic Wall,3
Probe History,8
 Produce Flame,2
 Profane Nimbus,9
Prognostication,6
 Programmed Image,1
 Project Image,5
Project Weakness,4
 Prophetic Lore,7
Prosperous Room,7
 Protection from Arrows,2
 Protection from Arrows Communal,4
 Protection from Chaos,8
 Protection from Chaos Communal,1
 Protection from Energy,9
 Protection from Energy Communal,2
 Protection from Evil,1
 Protection from Evil Communal,3
 Protection from Good,3
 Protection from Good Communal,5
 Protection from Law,7
 Protection from Law Communal,9
 Protection from Natural Attacks,7
Protection from Outsiders,2
 Protection from Spells,9
 Protection from Spores,9
 Protection from Technology,5
 Protective Penumbra,7
 Protective Spirit,8
 Prying Eyes,8
 Prying Eyes Greater,1
 Psychic Asylum,3
 Psychic Crush I,8
 Psychic Crush II,8
 Psychic Crush III,8
 Psychic Crush IV,3
 Psychic Crush V,3
 Psychic Image,1
 Psychic Leech,8
 Psychic Reading,6
 Psychic Surgery,7
 Psychonaut Manifestation,9
 Pugwampi's Grace,6
 Punishing Armor,2
 Pup Shape,3
 Purge Spirit,5
 Purging Finale,4
 Purified Calling,2
Purify Body,6
 Purify Food and Drink,3
 Putrefy Food and Drink,1
 Puzzle Box,3
 Pyrotechnic Eruption,2
 Pyrotechnics,2
 Qualm,1
 Quell Energy,6
 Quench,5
 Questing Stone,5
 Quick Change,9
Quick Throwing,4
 Quieting Weapons,6
 Quintessence,7
 Quintessence Mastery,9
 Radiation Ward,2
 Rage,4
 Raging Rubble,8
 Rags to Riches,7
 Raiment of Command,2
 Rain of Arrows,4
 Rain of Frogs,2
 Rainbow Pattern,5
 Raise Animal Companion,4
 Raise Dead,3
 Rally Point,7
 Rampart,6
 Rapid Repair,7
 Raven's Flight,6
 Ray of Enfeeblement,9
 Ray of Exhaustion,3
 Ray of Frost,8
 Ray of Sickening,3
 Read Magic,7
 Read Weather,9
Realm Retribution,2
 Reaper's Coterie,4
 Reboot,3
 Rebuke,8
 Rebuke Technology,6
 Recentering Drone,3
Recharge,2
 Recharge Innate Magic,8
 Reckless Infatuation,6
 Recoil Fire,1
Recorporeal Incarnation,1
 Red Hand of the Killer,4
 Redcap's Touch,7
 Reduce Animal,7
 Reduce Person,8
 Reduce Person Mass,6
 Refine Improvised Weapon,9
 Reflexive Barrier,6
 Refuge,8
 Regenerate,8
Reincarnate,9
Reincarnate Spy,6
 Reinforce Armaments,8
 Reinforce Armaments Communal,1
 Reinvigorating Wind,2
 Rejuvenate Eidolon,6
 Rejuvenate Eidolon Greater,8
 Rejuvenate Eidolon Lesser,3
 Release the Hounds,8
 Reloading Hands,5
 Remarkable Legerdemain,8
 Remote Viewing,3
 Remove Blindness/Deafness,6
 Remove Curse,9
 Remove Disease,5
 Remove Fear,9
 Remove Paralysis,9
 Remove Radioactivity,9
 Remove Radioactivity Greater,2
 Remove Sickness,6
 Rend Body I,6
 Rend Body II,6
 Rend Body III,6
 Rend Body IV,1
Renovation,7
 Repair Undead,8
 Repair Undead Mass,6
 Repel Metal or Stone,6
 Repel Vermin,2
 Repel Wood,5
 Replay Tracks,5
 Replenish Ki,9
 Repress Memory,9
 Reprobation,7
 Repulsion,3
 Repungant Taste,1
 Residual Tracking,1
 Resilient Reservoir,6
 Resilient Sphere,2
 Resinous Skin,2
 Resist Energy,2
 Resist Energy Communal,4
 Resist Starvation,4
 Resistance,5
 Resize Item,3
 Resonating Word,2
 Resounding Blow,7
 Resounding Clang,1
 Respectful Quiet,8
 Resplendent Mansion,1
 Rest Eternal,2
 Restful Cloak,8
 Restful Sleep,5
 Restoration,1
 Restoration Greater,3
 Restoration Lesser,7
 Restore Corpse,5
 Restore Eidolon,3
 Restore Eidolon Lesser,9
Restore Mythic Power,3
 Resurgent Transformation,4
 Resurrection,3
 Retribution,7
 Retributive Reparations,6
 Retrieve Item,5
 Retrocognition,2
 Returning Weapon,2
 Returning Weapon Communal,4
 Reveal Emotions,2
 Reveal Mirage,8
 Reveal Secrets,8
Reveal True Shape,5
 Revealing Light,5
 Revelation,4
 Revenant Armor,2
 Reverse Gravity,5
 Reviving Finale,9
 Ricochet Shot,8
 Ride the Lightning,7
 Ride The Waves,4
 Riding Possession,4
Rift of Ruin,1
Righteous Blood,8
 Righteous Condemnation,6
 Righteous Might,8
 Righteous Vigor,4
 Rigor Mortis,8
 Rising Water,8
 Rite of Bodily Purity,6
 Rite of Centered Mind,7
Rival's Weald,9
 River of Wind,8
 River Whip,2
 Riversight,9
 Roaming Pit,5
 Rock Whip,4
Root,5
 Rope Tornado,6
 Rope Trick,7
 Ropeweave,2
 Rotgut,2
 Rotting Alliance,7
 Rovagug's Fury,9
 Rubberskin,2
 Rumormonger,4
 Rune of Durability,2
Rune of Jandelay,7
 Rune of Ruin,6
 Rune of Rule,9
 Rune of Warding,2
 Rune Trace,6
 Runic Overload,4
 Rusting Grasp,7
 Sabotage Construct,5
Sacramental Seal,9
 Sacred Bond,4
 Sacred Nimbus,2
 Sacred Space,4
Sacrifice,1
 Sacrificial Oath,8
 Saddle Surge,7
 Sadomasochism,4
 Salvage,4
 Sanctify Armor,9
 Sanctify Corpse,2
 Sanctify Weapons,1
 Sanctuary,5
 Sand Table,6
 Sand Whirlwind,5
 Sand Whirlwind Greater,7
 Sands of Time,8
 Sarzari Shadow Memory,8
 Savage Maw,2
 Saving Finale,2
 Sawtooth Terrain,8
Scale Spikes,2
Scale Spikes Greater,4
 Scales of Deflection,2
 Scamper,3
 Scare,1
 Scarify,9
 Scent Trail,4
 Scintillating Pattern,9
Scintillating Wall,8
Scoop,5
 Scorching Ash Form,5
 Scorching Ray,5
 Scourge of the Horsemen,5
 Scouring Winds,4
 Screaming Flames,1
 Screech,7
 Screen,1
Scribe's Binding,8
 Scripted Hallucination,8
 Scrivener's Chant,7
 Scrying,5
 Scrying Greater,7
 Sculpt Corpse,5
 Sculpt Simulacrum,5
 Sculpt Sound,2
 Sculpted Cape,8
 Sea of Dust,2
 Sea Stallion,1
 Sea Steed,6
 Sealed Life,6
 Sealed Life Greater,8
 Sealed Sending,1
 Seamantle,9
 Searching Shadows,2
 Searing Light,3
 Sebaceous Twin,3
 Secluded Grimoire,5
 Second Wind,2
 Secret Chest,8
 Secret Coffer,6
 Secret Page,9
 Secret Sign,2
 Secret Speech,9
 Secret Vault,2
 Secure Shelter,5
 Seducer's Eyes,4
 See Alignment,7
 See Beyond,4
 See Invisibility,8
 See Through Stone,1
 Seed Spies,2
 Seeds of Influence,9
 Seeds of Influence Greater,2
 Seek Shelter,1
 Seek Thoughts,5
 Seeming,9
 Seer's Bane,7
 Seismic Fissure,3
 Selective Alarm,1
 Selective Invisibility,7
Semblance of Flesh,1
 Sending,9
 Sense Fear,2
Sense Madness,2
 Sense Spirit Magic,6
 Sense Vitals,1
 Sensory Amplifier,6
 Sensory Overload,9
Sentry Skull,5
 Sepia Snake Sigil,3
 Sequester,3
 Sequester Thoughts,4
 Serenity,7
 Serren's Armor Lock,6
 Serren's Swift Girding,9
 Sessile Spirit,8
Severed Fate,2
 Shackle,5
 Shades,2
 Shadow Anchor,3
 Shadow Barbs,4
 Shadow Body,8
 Shadow Bomb Admixture,1
 Shadow Claws,2
 Shadow Conjuration,3
 Shadow Conjuration Greater,5
Shadow Dragon Aspect,4
 Shadow Enchantment,7
 Shadow Enchantment Greater,9
 Shadow Endurance,2
 Shadow Evocation,3
 Shadow Evocation Greater,5
 Shadow Invasion,2
 Shadow Jaunt,1
 Shadow of Doubt,9
 Shadow Projection,6
 Shadow Step,4
 Shadow Transmutation,3
 Shadow Transmutation Greater,5
 Shadow Trap,8
 Shadow Walk,9
 Shadow Weapon,9
 Shadowbard,5
 Shadowfade,5
 Shadowform,5
 Shadowmind,2
 Shadowy Haven,1
 Shambler,6
 Shamefully Overdressed,4
 Shapechange,6
 Shapechanger's Gift,4
 Shapechanger's Gift Greater,6
 Shard of Chaos,9
Share Glory,2
 Share Language,2
 Share Language Communal,4
 Share Memory,5
 Share Senses,6
 Share Shape,1
 Share Skin,5
 Share Skin Greater,7
 Shared Sacrifice,2
Shared Suffering,7
Shared Training,3
 Shared Wrath,8
 Sharesister,6
 Shatter,1
 Sheet Lightning,4
 Shield,3
 Shield Companion (AA),4
 Shield Companion (ACG),4
 Shield of Darkness,7
 Shield of Faith,5
 Shield of Fortification,7
 Shield of Fortification Greater,9
 Shield of Law,6
 Shield Of Shards,3
 Shield of the Dawnflower,7
 Shield of the Dawnflower Greater,9
 Shield of Wings,6
 Shield Other,6
 Shield Speech,5
 Shield Speech Greater,7
Shield the Banner,9
 Shifted Steps,6
 Shifting Sand,4
 Shifting Shadows,1
 Shillelagh,3
 Shining Cord,3
 Shock Shield,5
 Shocking Grasp,3
 Shocking Image,4
 Shout,2
 Shout Greater,4
 Shrink Item,9
 Shroud of Darkness,8
 Shroud of Innocuity,2
 Sickening Entanglement,5
 Sickening Strikes,3
 Siege of Trees,7
 Siege of Trees Greater,9
 Siege Scatter,5
 Sift,9
 Sign of the Dawnflower,8
 Sign of Wrath,5
 Signifer's Rally,3
 Signs of the Land,9
 Silence,4
 Silent Image,6
 Silent Table,2
 Silk To Steel,3
Silt Sphere,5
 Silver Darts,3
 Silverlight,6
 Simulacrum,4
 Simulacrum Lesser,1
 Siphon Magic,6
 Siphon Might,3
 Sirocco,1
 Skeleton Crew,6
 Skim,7
 Skin Tag,9
 Skinsend,5
 Sky Steed,9
 Sky Swim,2
Skyshroud,5
 Slave to Sin,1
 Slay Living,4
 Sleep,3
 Sleepwalk,5
 Sleepwalking Suggestion,9
 Sleet Storm,2
 Slick Walls,4
 Slipstream,6
Slough,1
 Slow,6
 Slowing Mud,2
 Smite Abomination,8
 Smug Narcissism,4
 Snake Staff,3
 Snapdragon Fireworks,8
 Snare,3
 Snow Shape (Ulfen),3
 Snowball,8
 Soften Earth and Stone,7
 Solid Fog,6
 Solid Note,5
 Solidify Earth,7
 Song of Discord,4
Song of Discord Greater,6
 Song of Kyonin,2
 Songbird,7
 Sonic Form,4
 Sonic Scream,2
 Sonic Thrust,4
 Soothe Construct,8
 Soothing Mud,1
Soothing Word,5
Sotto Voce,8
 Soul Bind,6
 Soul Transfer,6
 Soul Vault,8
Soulreaver,1
 Soulseeker,4
 Soulswitch,5
 Sound Burst,9
 Source Severance,2
Sow Thought,3
 Spark,2
Spawn Calling,5
 Spawn Ward,2
 Speak Local Language,1
 Speak with Animals,1
 Speak with Dead,9
 Speak with Haunt,5
 Speak with Plane,7
 Speak with Plants,5
 Speak with Soul,8
 Speak with Waves,2
 Spear of Purity,9
 Spectral Hand,4
Spectral Saluqi,2
 Spectral Scout,1
 Speechreader's Sight,9
 Spell Absorption,4
 Spell Absorption Greater,6
 Spell Gauge,6
 Spell Immunity,8
 Spell Immunity Communal,1
 Spell Immunity Greater,1
 Spell Immunity Greater Communal,3
 Spell Resistance,6
 Spell Scourge,8
 Spell Turning,5
 Spellcasting Contract,6
 Spellcasting Contract Greater,8
 Spellcasting Contract Lesser,3
 Spellcrash,5
 Spellcrash Greater,7
 Spellcrash Lesser,2
 Spellcurse,4
Spellscar,6
 Spellstaff,8
Spellsteal,4
 Sphere of Warding,6
Spherescry,1
 Spider Climb,2
 Spider Climb Communal,4
 Spike Growth,7
 Spike Stones,8
 Spiked Pit,1
 Spindrift Spritz,7
 Spindrift Spritz Mass,5
 Spiral Ascent,2
 Spiral Descent,1
 Spirit Bonds,1
 Spirit Call,2
Spirit Share,7
 Spirit-Bound Blade,9
 Spiritual Ally,4
 Spiritual Squire,7
 Spiritual Weapon,1
 Spit Venom,7
 Spite,6
 Splinter Spell Resistance,2
 Spontaneous Immolation,1
 Spore Burst,9
 Spotlight,9
 Squeeze,8
 Stabilize,4
 Stabilize Powder,4
 Stabilize Pressure,8
 Stage Fright,3
 Staggering Fall,3
 Stalwart Resolve,3
 Starsight,4
 Statue,5
 Status,1
Status Greater,3
 Stave Off Corruption,9
 Stay the Hand,8
 Steady Saddle,2
 Steal Breath,3
Steal Power,8
Steal Size,8
Steal Voice,3
Steal Years,8
Steal Years Greater,1
 Steam Ray Fusillade,2
 Stench of Prey,1
 Stinking Cloud,5
 Stoke the Inner Fire,3
 Stolen Light,6
 Stone Call,2
 Stone Discus,4
 Stone Fist,1
 Stone Shape,5
 Stone Shield,4
 Stone Tell,5
 Stone Throwing,7
 Stone to Flesh,5
 Stoneskin,9
 Stoneskin Communal,2
 Storm of Blades,5
 Storm of Vengeance,2
 Storm Sight,4
 Storm Step,1
 Stormbolts,9
 Straitjacket,2
 Strand of the Tangled Knot,1
 Strangling Hair,4
 Stricken Heart,7
Strip Scales,6
 Strong Jaw,1
Strong Wings,3
 Stumble Gap,8
 Stunning Barrier,9
 Stunning Barrier Greater,2
 Stunning Finale,3
 Sturdy Tree Fort,7
 Subjective Reality,8
 Submerge Ship,7
 Substitute Trail,9
 Suffocation,3
Suffocation Instant,1
 Suffocation Mass,1
Suffocation Slow,9
 Suggestion,1
 Suggestion Mass,8
 Summon Accuser,3
 Summon Ancestral Guardian,2
Summon Barghest I,4
Summon Barghest II,4
 Summon Cacodaemon,7
 Summon Cacodaemon Greater,9
 Summon Ceustodaemon,5
 Summon Derghodaemon,6
 Summon Eidolon,7
 Summon Elder Worm,1
Summon Elemental Steed,1
 Summon Erodaemon,5
 Summon Flight of Eagles,2
 Summon Froghemoth,3
Summon Genie,9
Summon Genie Greater,2
Summon Genie Lesser,6
 Summon Giant Ally I,7
 Summon Giant Ally II,7
 Summon Giant Ally III,7
Summon Greater Demon,4
 Summon Infernal Host,2
 Summon Instrument,5
 Summon Kami,3
Summon Laborers,5
Summon Lesser Demon,8
 Summon Lesser Psychopomp,4
 Summon Meladaemon,7
 Summon Minor Ally,7
 Summon Minor Monster,7
 Summon Monster 1,1
 Summon Monster 2,1
 Summon Monster 3,1
 Summon Monster 4,1
 Summon Monster 5,1
 Summon Monster 6,1
 Summon Monster 7,1
 Summon Monster 8,1
 Summon Monster 9,1
 Summon Nature's Ally 1,9
 Summon Nature's Ally 2,9
 Summon Nature's Ally 3,9
 Summon Nature's Ally 4,9
 Summon Nature's Ally 5,9
 Summon Nature's Ally 6,9
 Summon Nature's Ally 7,9
 Summon Nature's Ally 8,9
 Summon Nature's Ally 9,9
 Summon Ship,3
 Summon Stampede,7
 Summon Swarm,7
 Summon Thanadaemon,2
 Summon Totem Creature (Shoanti),7
 Summon Vanth,7
 Summoner Conduit,6
 Sun Metal,6
 Sunbeam,3
 Sunburst,8
 Sunder Breaker,6
Sundered Serpent Coil,1
 Sundering Shards,9
 Sun's Disdain,7
 Sun's Disdain Mass,5
 Sunstalker,5
 Suppress Charms and Compulsions,1
 Suppress Primal Magic,1
 Suppressing Stone,2
 Sure Casting,1
 Surefoot Boots,1
Surelife,5
 Surface Excursion,3
 Surmount Affliction,2
Suspend Drowning,4
Sustaining Legend,9
 Swallow Poison,4
 Swallow Your Fear,7
 Swarm of Fangs,7
 Swarm Skin,1
 Sweat Poison,3
 Swipe,9
 Sword to Snake,2
 Sylvan Hideaway,7
 Symbol of Death,1
 Symbol of Debauchery,1
 Symbol of Dispelling,7
 Symbol of Distraction,5
 Symbol of Exsanguination,1
 Symbol of Fear,2
 Symbol of Healing,1
 Symbol of Insanity,2
 Symbol of Laughter,1
 Symbol of Mirroring,3
 Symbol of Pain,3
 Symbol of Persuasion,1
 Symbol of Revelation,3
 Symbol of Scrying,4
 Symbol of Sealing,3
 Symbol of Sleep,2
 Symbol of Slowing,8
 Symbol of Storms,4
 Symbol of Strife,4
 Symbol of Striking,7
 Symbol of Stunning,9
 Symbol of Vulnerability,7
 Symbol of Weakness,6
 Sympathetic Aura,9
 Sympathetic Vibration,6
Sympathetic Wounds,1
 Sympathy,1
 Synapse Overload,2
 Synaptic Pulse,9
 Synaptic Pulse Greater,2
 Synaptic Scramble,9
 Synesthesia,9
 Synesthesia Mass,7
 Tactical Acumen,9
 Tactical Adaptation,8
 Tactical Formation,9
Tactical Insight,2
 Tactical Miscalculation,5
 Tail Current,6
 Tail Strike,7
 Tailwind,2
 Talisman of Reprieve,1
 Talismanic Implement,1
 Tamer's Lash,8
 Tap Inner Beauty,9
 Tar Ball,3
 Tar Pool,7
 Targeted Bomb Admixture,2
 Tattoo Potion,9
Tears to Wine,5
 Technomancy,4
 Tectonic Communion,8
 Telekinesis,2
 Telekinetic Assembly,2
 Telekinetic Charge,2
 Telekinetic Maneuver,5
 Telekinetic Projectile,1
 Telekinetic Sphere,4
 Telekinetic Storm,9
 Telekinetic Strikes,7
 Telekinetic Volley,6
 Telempathic Projection,3
 Telepathic Bond,8
Telepathic Censure,4
 Telepathic Silence,4
 Telepathy,4
 Teleport,3
 Teleport Object,4
Teleport Structure,4
Teleport Trap,4
 Teleport Greater,5
 Teleportation Circle,4
 Temporal Divergence,3
 Temporal Regression,4
 Temporal Stasis,7
 Temporary Graft,3
 Temporary Resurrection,8
Teratoid Caress,4
Terraform,6
 Terrain Bond,3
 Terrible Remorse,2
Thanatotic Fury,1
 Thaumaturgic Circle,3
 Theft Ward,6
 They Know,4
 Thirsting Entanglement,2
 Thorn Body,4
 Thorn Javelin,4
Thorn Snare,6
 Thorny Entanglement,5
 Thought Echo,4
 Thought Shield I,3
 Thought Shield II,3
 Thought Shield III,3
 Thought Shield IV,7
 Thought Shield V,7
 Thought Worm I,6
 Thought Worm II,6
 Thought Worm III,6
 Thought Worm IV,1
 Thoughtsense,8
 Threefold Aspect,4
 Threefold Face,9
 Threefold Form,1
 Threefold Sight,3
 Thunder Fire,2
 Thundering Drums,6
Thunderous Footfalls,8
 Thunderstomp,2
 Thunderstomp Greater,4
 Tidal Surge,8
 Tieldlara's Feint,2
 Time Shudder,9
 Time Stop,9
 Timely Inspiration,3
 Tiny Hut,9
 Tireless Pursuers,1
 Tireless Pursuit,6
Titanic Anchoring,3
 Toilsome Chant,1
Tomb Legion,4
 Tongues,2
 Tongues Communal,4
 Torpid Reanimation,3
Torrent of Elemental Rage,6
 Touch Injection,4
 Touch of Blindness,6
 Touch of Bloodletting,7
 Touch of Combustion,3
 Touch of Fatigue,4
 Touch of Gracelessness,9
 Touch of Idiocy,9
Touch of Madness,1
 Touch of Mercy,8
 Touch of Slime,2
 Touch of Slumber,7
 Touch of the Sea,2
 Tough Crowd,8
 Tower of Iron Will I,7
 Tower of Iron Will II,7
 Tower of Iron Will III,7
 Tower of Iron Will IV,2
 Tower of Iron Will V,2
 Toxic Blood,2
 Toxic Gift,5
 Toxic Rupture,1
 Trace Teleport,5
 Track Ship,6
 Tracking Mark,9
 Trade Items,6
 Trail of the Rose,9
 Transfer Familiar,8
Transfer Regeneration,7
 Transfer Tattoo,3
 Transfiguring Touch,5
 Transformation,3
 Transmogrify,3
 Transmute Blood To Acid,6
 Transmute Golem,3
 Transmute Metal to Wood,4
 Transmute Mud to Rock,8
 Transmute Potion to Poison,1
 Transmute Rock to Mud,8
Transmute Wine to Blood,4
Transplant Visage,9
 Transport via Plants,3
 Trap the Soul,2
 Traveling Dream,5
Treacherous Teleport,1
 Treasure Stitching,9
 Tree Shape,7
 Tree Stride,6
 Trial by Fire,8
 Trial of Fire and Acid,2
 Triggered Hallucination,7
 Triggered Suggestion,4
 Tripvine,5
 True Appraisal,4
True Creation,5
 True Form,8
True Prognostication,7
 True Resurrection,4
 True Seeing,6
 True Skill,1
 True Strike,2
 Truespeak,8
 Tsunami,7
 Twilight Haze,4
 Twilight Knife,9
 Twin Form,1
 Twine Double,4
 Twisted Futures,3
 Twisted Innards,8
 Twisted Space,9
Umbral Infusion,3
Umbral Infusion Mass,1
 Umbral Strike,5
 Umbral Weapon,6
 Unadulterated Loathing,7
 Unbearable Brightness,4
 Unbreakable Construct,9
 Unbreakable Heart,9
Uncanny Reminder,7
 Unconscious Agenda,5
 Undead Anatomy I,3
 Undead Anatomy II,3
 Undead Anatomy III,3
 Undead Anatomy IV,7
 Undeath Inversion,9
 Undeath Sense,9
 Undeath to Death,2
 Undeath Ward,2
 Underbrush Decoy,2
 Undetectable Alignment,9
 Undetectable Trap,5
 Undine's Curse,8
 Unerring Tracker,2
 Unerring Weapon,9
 Unfetter,1
 Unflappable Mien,3
 Unhallow,7
Unhallowed Blows,6
Unhallowed Blows Greater,8
 Unholy Aura,1
 Unholy Blight,9
 Unholy Ice,4
 Unholy Ice Weapon,6
 Unholy Sword,3
 Unholy Ward,6
 Universal Formula,9
Unleash Pandemonium,7
 Unlife Current,4
 Unliving Rage,4
Unlock Flesh,9
 Unnatural Lust,5
 Unprepared Combatant,9
Unravel Destiny,9
 Unseen Crew,1
Unseen Engineers,3
 Unseen Servant,6
 Unsettling Presence,1
 Unshakable Chill,3
 Unshakeable Zeal,8
Unspoken Name,4
 Untold Wonder,3
 Unwelcome Halo,3
 Unwilling Shield,7
 Unwitting Ally,7
 Urban Grace,9
 Urban Step,8
Urgathoa's Beacon,6
 Utter Contempt,1
 Vacuous Vessel,4
 Vampiric Hunger,2
 Vampiric Shadow Shield,2
 Vampiric Touch,5
 Vanish,1
 Veil,3
Veil of Ash,7
 Veil of Heaven,7
 Veil of Positive Energy,6
 Vengeful Comets,5
 Vengeful Outrage,8
 Vengeful Stinger,4
 Venomous Bite,7
 Venomous Bolt,2
Venomous Promise,3
 Ventriloquism,5
Vermicious Assumption,2
 Vermin Shape I,4
 Vermin Shape II,4
 Verminous Transformation,4
 Versatile Weapon,5
 Vestment of the Champion,8
 Vex Giant,3
 Vexing Miscalculation,8
 Vicarious View,5
 Vigilant Rest,3
 Vigor,8
Vile Dog Transformation,5
 Village Veil,8
 Vine Strike,6
 Vinetrap,6
 Violent Accident,3
Violent Misfire,5
Violent Misfire Greater,7
 Viper Bomb Admixture,1
 Virtue,5
 Virtuoso Performance,1
Virulence,1
 Virulent Miasma,6
 Vision,7
 Vision of Hell,2
 Vision of Lamashtu,6
Visualization of the Body,8
Visualization of the Mind,2
 Vitriolic Mist,7
 Vocal Alteration,6
 Volcanic Storm,2
 Voluminous Vocabulary,2
 Vomit Swarm,9
Vomit Twin,1
 Vortex,5
 Waft,5
 Wail of the Banshee,9
 Wake of Light,9
 Walk the Plank,8
 Walk through Space,8
 Wall of Blindness/Deafness,6
 Wall of Bone,6
 Wall of Brine,9
 Wall of Clockwork,9
 Wall of Ectoplasm,2
 Wall of Fire,8
 Wall of Force,8
 Wall of Ice,5
 Wall of Iron,8
 Wall of Lava,6
Wall of Light,8
 Wall of Mist,4
 Wall of Nausea,4
 Wall of Silver,1
 Wall of Sound,7
 Wall of Split Illumination,6
 Wall of Stone,7
 Wall of Suppression,6
 Wall of Thorns,1
 Wandering Star Motes,9
 Wandering Trail,2
 Wandering Weather,4
 Ward of the Season,2
 Ward Shield,4
 Ward the Faithful,9
 Warding Weapon,6
 Warp Metal,1
 Warp Wood,7
 Wartrain Mount,7
 Watchful Animal,9
 Watchful Eye,3
 Water Breathing,7
Water Shield,7
 Water Walk,6
 Water Walk Communal,8
 Waterproof,2
 Waters of Lamashtu,4
 Wave Form,4
 Wave Shield,9
 Waves of Blood,4
 Waves of Ecstasy,3
 Waves of Exhaustion,2
 Waves of Fatigue,7
 Weaken Powder,5
 Weapon of Awe,7
 Weapons Against Evil,5
 Weaponwand,8
 Web,3
Web Bolt,7
Web Cloud,4
 Web Shelter,9
 Weird,5
What Grows Within,1
 Whip of Ants,5
 Whip of Centipedes,6
 Whip of Spiders,5
 Whirlwind,3
 Whispering Lore,7
 Whispering Wind,7
 Wicker Horse,8
 Widen Auras,7
 Wild Instinct,3
 Wilderness Soldiers,4
 Wind Blades,3
 Wind Walk,7
 Wind Wall,8
 Winds of Vengeance,4
 Windy Escape,7
 Wing Bounty,6
 Wing Thorns,3
 Winged Sword,6
 Winter Feathers,9
 Winter Grasp,6
 Wish,5
 With the Wind,8
 Withdraw Affliction,3
 Wither Limb,2
 Witness,1
 Wizened Appearance,4
 Wood Shape,7
 Wooden Phalanx,8
 Wooden Wing Shield,6
 Woodland Rune,2
 Word of Beckoning,8
 Word of Chaos,1
 Word of Recall,6
 Word of Resolve,6
 World Wave,6
Wracking Ray,4
 Wrath,7
 Wrathful Mantle,3
 Wrathful Weapon,3
 Wreath of Blades,4
Yellow Sign,6
 Youthful Appearance,1
 Zephyr's Fleetness,6
 Zone of Foul Flames,2
 Zone of Silence,4
 Zone of Truth,6
